species,prompt,evaluation_seed,type
sweet pea,A high-quality macro photograph of a sweet pea flower in full bloom,1,other
sweet pea,A high-quality macro photograph of a sweet pea flower in full bloom,2,other
sweet pea,A high-quality macro photograph of a sweet pea flower in full bloom,3,other
sweet pea,A high-quality macro photograph of a sweet pea flower in full bloom,4,other
sweet pea,A high-quality macro photograph of a sweet pea flower in full bloom,5,other
sweet pea,"A detailed botanical image of a sweet pea flower, focused on the petals and textures",1,other
sweet pea,"A detailed botanical image of a sweet pea flower, focused on the petals and textures",2,other
sweet pea,"A detailed botanical image of a sweet pea flower, focused on the petals and textures",3,other
sweet pea,"A detailed botanical image of a sweet pea flower, focused on the petals and textures",4,other
sweet pea,"A detailed botanical image of a sweet pea flower, focused on the petals and textures",5,other
sweet pea,A vibrant close-up of a sweet pea flower covered in morning dew,1,other
sweet pea,A vibrant close-up of a sweet pea flower covered in morning dew,2,other
sweet pea,A vibrant close-up of a sweet pea flower covered in morning dew,3,other
sweet pea,A vibrant close-up of a sweet pea flower covered in morning dew,4,other
sweet pea,A vibrant close-up of a sweet pea flower covered in morning dew,5,other
sweet pea,"A professional photograph of a single sweet pea flower, isolated",2,other
sweet pea,"A professional photograph of a single sweet pea flower, isolated",4,other
sweet pea,"A professional photograph of a single sweet pea flower, isolated",5,other
sweet pea,"A professional photograph of a single sweet pea flower, isolated",6,other
sweet pea,"A professional photograph of a single sweet pea flower, isolated",15,other
sweet pea,An artistic close-up photo of a sweet pea flower with natural lighting and shallow depth of field,1,other
sweet pea,An artistic close-up photo of a sweet pea flower with natural lighting and shallow depth of field,2,other
sweet pea,An artistic close-up photo of a sweet pea flower with natural lighting and shallow depth of field,3,other
sweet pea,An artistic close-up photo of a sweet pea flower with natural lighting and shallow depth of field,5,other
sweet pea,An artistic close-up photo of a sweet pea flower with natural lighting and shallow depth of field,7,other
moon orchid,A high-quality macro photograph of a moon orchid flower in full bloom,0,other
moon orchid,A high-quality macro photograph of a moon orchid flower in full bloom,1,other
moon orchid,A high-quality macro photograph of a moon orchid flower in full bloom,2,other
moon orchid,A high-quality macro photograph of a moon orchid flower in full bloom,5,other
moon orchid,A high-quality macro photograph of a moon orchid flower in full bloom,6,other
moon orchid,"A detailed botanical image of a moon orchid flower, focused on the petals and textures",1,other
moon orchid,"A detailed botanical image of a moon orchid flower, focused on the petals and textures",2,other
moon orchid,"A detailed botanical image of a moon orchid flower, focused on the petals and textures",8,other
moon orchid,"A detailed botanical image of a moon orchid flower, focused on the petals and textures",15,other
moon orchid,"A detailed botanical image of a moon orchid flower, focused on the petals and textures",18,other
moon orchid,A vibrant close-up of a moon orchid flower covered in morning dew,0,other
moon orchid,A vibrant close-up of a moon orchid flower covered in morning dew,1,other
moon orchid,A vibrant close-up of a moon orchid flower covered in morning dew,4,other
moon orchid,A vibrant close-up of a moon orchid flower covered in morning dew,6,other
moon orchid,A vibrant close-up of a moon orchid flower covered in morning dew,8,other
moon orchid,"A professional photograph of a single moon orchid flower, isolated",0,other
moon orchid,"A professional photograph of a single moon orchid flower, isolated",2,other
moon orchid,"A professional photograph of a single moon orchid flower, isolated",6,other
moon orchid,"A professional photograph of a single moon orchid flower, isolated",7,other
moon orchid,"A professional photograph of a single moon orchid flower, isolated",8,other
moon orchid,An artistic close-up photo of a moon orchid flower with natural lighting and shallow depth of field,0,other
moon orchid,An artistic close-up photo of a moon orchid flower with natural lighting and shallow depth of field,1,other
moon orchid,An artistic close-up photo of a moon orchid flower with natural lighting and shallow depth of field,4,other
moon orchid,An artistic close-up photo of a moon orchid flower with natural lighting and shallow depth of field,5,other
moon orchid,An artistic close-up photo of a moon orchid flower with natural lighting and shallow depth of field,6,other
bird of paradise,A high-quality macro photograph of a bird of paradise flower in full bloom,0,other
bird of paradise,A high-quality macro photograph of a bird of paradise flower in full bloom,1,other
bird of paradise,A high-quality macro photograph of a bird of paradise flower in full bloom,2,other
bird of paradise,A high-quality macro photograph of a bird of paradise flower in full bloom,3,other
bird of paradise,A high-quality macro photograph of a bird of paradise flower in full bloom,4,other
bird of paradise,"A detailed botanical image of a bird of paradise flower, focused on the petals and textures",0,other
bird of paradise,"A detailed botanical image of a bird of paradise flower, focused on the petals and textures",1,other
bird of paradise,"A detailed botanical image of a bird of paradise flower, focused on the petals and textures",2,other
bird of paradise,"A detailed botanical image of a bird of paradise flower, focused on the petals and textures",3,other
bird of paradise,"A detailed botanical image of a bird of paradise flower, focused on the petals and textures",4,other
bird of paradise,A vibrant close-up of a bird of paradise flower covered in morning dew,0,other
bird of paradise,A vibrant close-up of a bird of paradise flower covered in morning dew,1,other
bird of paradise,A vibrant close-up of a bird of paradise flower covered in morning dew,3,other
bird of paradise,A vibrant close-up of a bird of paradise flower covered in morning dew,4,other
bird of paradise,A vibrant close-up of a bird of paradise flower covered in morning dew,5,other
bird of paradise,"A professional photograph of a single bird of paradise flower, isolated",0,other
bird of paradise,"A professional photograph of a single bird of paradise flower, isolated",1,other
bird of paradise,"A professional photograph of a single bird of paradise flower, isolated",2,other
bird of paradise,"A professional photograph of a single bird of paradise flower, isolated",3,other
bird of paradise,"A professional photograph of a single bird of paradise flower, isolated",4,other
bird of paradise,An artistic close-up photo of a bird of paradise flower with natural lighting and shallow depth of field,0,other
bird of paradise,An artistic close-up photo of a bird of paradise flower with natural lighting and shallow depth of field,1,other
bird of paradise,An artistic close-up photo of a bird of paradise flower with natural lighting and shallow depth of field,2,other
bird of paradise,An artistic close-up photo of a bird of paradise flower with natural lighting and shallow depth of field,3,other
bird of paradise,An artistic close-up photo of a bird of paradise flower with natural lighting and shallow depth of field,4,other
globe thistle,A high-quality macro photograph of a globe thistle flower in full bloom,4,other
globe thistle,A high-quality macro photograph of a globe thistle flower in full bloom,7,other
globe thistle,A high-quality macro photograph of a globe thistle flower in full bloom,8,other
globe thistle,A high-quality macro photograph of a globe thistle flower in full bloom,9,other
globe thistle,A high-quality macro photograph of a globe thistle flower in full bloom,11,other
globe thistle,"A detailed botanical image of a globe thistle flower, focused on the petals and textures",5,other
globe thistle,"A detailed botanical image of a globe thistle flower, focused on the petals and textures",7,other
globe thistle,"A detailed botanical image of a globe thistle flower, focused on the petals and textures",8,other
globe thistle,"A detailed botanical image of a globe thistle flower, focused on the petals and textures",10,other
globe thistle,"A detailed botanical image of a globe thistle flower, focused on the petals and textures",12,other
globe thistle,A vibrant close-up of a globe thistle flower covered in morning dew,7,other
globe thistle,A vibrant close-up of a globe thistle flower covered in morning dew,8,other
globe thistle,A vibrant close-up of a globe thistle flower covered in morning dew,18,other
globe thistle,A vibrant close-up of a globe thistle flower covered in morning dew,20,other
globe thistle,A vibrant close-up of a globe thistle flower covered in morning dew,22,other
globe thistle,"A professional photograph of a single globe thistle flower, isolated",1,other
globe thistle,"A professional photograph of a single globe thistle flower, isolated",8,other
globe thistle,"A professional photograph of a single globe thistle flower, isolated",9,other
globe thistle,"A professional photograph of a single globe thistle flower, isolated",15,other
globe thistle,"A professional photograph of a single globe thistle flower, isolated",18,other
globe thistle,An artistic close-up photo of a globe thistle flower with natural lighting and shallow depth of field,5,other
globe thistle,An artistic close-up photo of a globe thistle flower with natural lighting and shallow depth of field,7,other
globe thistle,An artistic close-up photo of a globe thistle flower with natural lighting and shallow depth of field,8,other
globe thistle,An artistic close-up photo of a globe thistle flower with natural lighting and shallow depth of field,9,other
globe thistle,An artistic close-up photo of a globe thistle flower with natural lighting and shallow depth of field,11,other
yellow iris,A high-quality macro photograph of a yellow iris flower in full bloom,1,other
yellow iris,A high-quality macro photograph of a yellow iris flower in full bloom,2,other
yellow iris,A high-quality macro photograph of a yellow iris flower in full bloom,3,other
yellow iris,A high-quality macro photograph of a yellow iris flower in full bloom,4,other
yellow iris,A high-quality macro photograph of a yellow iris flower in full bloom,5,other
yellow iris,"A detailed botanical image of a yellow iris flower, focused on the petals and textures",0,other
yellow iris,"A detailed botanical image of a yellow iris flower, focused on the petals and textures",3,other
yellow iris,"A detailed botanical image of a yellow iris flower, focused on the petals and textures",4,other
yellow iris,"A detailed botanical image of a yellow iris flower, focused on the petals and textures",5,other
yellow iris,"A detailed botanical image of a yellow iris flower, focused on the petals and textures",6,other
yellow iris,A vibrant close-up of a yellow iris flower covered in morning dew,3,other
yellow iris,A vibrant close-up of a yellow iris flower covered in morning dew,4,other
yellow iris,A vibrant close-up of a yellow iris flower covered in morning dew,5,other
yellow iris,A vibrant close-up of a yellow iris flower covered in morning dew,7,other
yellow iris,A vibrant close-up of a yellow iris flower covered in morning dew,8,other
yellow iris,"A professional photograph of a single yellow iris flower, isolated",0,other
yellow iris,"A professional photograph of a single yellow iris flower, isolated",1,other
yellow iris,"A professional photograph of a single yellow iris flower, isolated",2,other
yellow iris,"A professional photograph of a single yellow iris flower, isolated",4,other
yellow iris,"A professional photograph of a single yellow iris flower, isolated",5,other
yellow iris,An artistic close-up photo of a yellow iris flower with natural lighting and shallow depth of field,1,other
yellow iris,An artistic close-up photo of a yellow iris flower with natural lighting and shallow depth of field,2,other
yellow iris,An artistic close-up photo of a yellow iris flower with natural lighting and shallow depth of field,3,other
yellow iris,An artistic close-up photo of a yellow iris flower with natural lighting and shallow depth of field,4,other
yellow iris,An artistic close-up photo of a yellow iris flower with natural lighting and shallow depth of field,5,other
purple coneflower,A high-quality macro photograph of a purple coneflower flower in full bloom,0,other
purple coneflower,A high-quality macro photograph of a purple coneflower flower in full bloom,1,other
purple coneflower,A high-quality macro photograph of a purple coneflower flower in full bloom,2,other
purple coneflower,A high-quality macro photograph of a purple coneflower flower in full bloom,4,other
purple coneflower,A high-quality macro photograph of a purple coneflower flower in full bloom,5,other
purple coneflower,"A detailed botanical image of a purple coneflower flower, focused on the petals and textures",0,other
purple coneflower,"A detailed botanical image of a purple coneflower flower, focused on the petals and textures",1,other
purple coneflower,"A detailed botanical image of a purple coneflower flower, focused on the petals and textures",2,other
purple coneflower,"A detailed botanical image of a purple coneflower flower, focused on the petals and textures",4,other
purple coneflower,"A detailed botanical image of a purple coneflower flower, focused on the petals and textures",5,other
purple coneflower,A vibrant close-up of a purple coneflower flower covered in morning dew,0,other
purple coneflower,A vibrant close-up of a purple coneflower flower covered in morning dew,1,other
purple coneflower,A vibrant close-up of a purple coneflower flower covered in morning dew,2,other
purple coneflower,A vibrant close-up of a purple coneflower flower covered in morning dew,3,other
purple coneflower,A vibrant close-up of a purple coneflower flower covered in morning dew,4,other
purple coneflower,"A professional photograph of a single purple coneflower flower, isolated",0,other
purple coneflower,"A professional photograph of a single purple coneflower flower, isolated",1,other
purple coneflower,"A professional photograph of a single purple coneflower flower, isolated",2,other
purple coneflower,"A professional photograph of a single purple coneflower flower, isolated",4,other
purple coneflower,"A professional photograph of a single purple coneflower flower, isolated",5,other
purple coneflower,An artistic close-up photo of a purple coneflower flower with natural lighting and shallow depth of field,0,other
purple coneflower,An artistic close-up photo of a purple coneflower flower with natural lighting and shallow depth of field,1,other
purple coneflower,An artistic close-up photo of a purple coneflower flower with natural lighting and shallow depth of field,2,other
purple coneflower,An artistic close-up photo of a purple coneflower flower with natural lighting and shallow depth of field,3,other
purple coneflower,An artistic close-up photo of a purple coneflower flower with natural lighting and shallow depth of field,4,other
peruvian lily,A high-quality macro photograph of a peruvian lily flower in full bloom,1,erased
peruvian lily,A high-quality macro photograph of a peruvian lily flower in full bloom,3,erased
peruvian lily,A high-quality macro photograph of a peruvian lily flower in full bloom,4,erased
peruvian lily,A high-quality macro photograph of a peruvian lily flower in full bloom,5,erased
peruvian lily,A high-quality macro photograph of a peruvian lily flower in full bloom,6,erased
peruvian lily,"A detailed botanical image of a peruvian lily flower, focused on the petals and textures",1,erased
peruvian lily,"A detailed botanical image of a peruvian lily flower, focused on the petals and textures",5,erased
peruvian lily,"A detailed botanical image of a peruvian lily flower, focused on the petals and textures",6,erased
peruvian lily,"A detailed botanical image of a peruvian lily flower, focused on the petals and textures",8,erased
peruvian lily,"A detailed botanical image of a peruvian lily flower, focused on the petals and textures",13,erased
peruvian lily,A vibrant close-up of a peruvian lily flower covered in morning dew,0,erased
peruvian lily,A vibrant close-up of a peruvian lily flower covered in morning dew,1,erased
peruvian lily,A vibrant close-up of a peruvian lily flower covered in morning dew,2,erased
peruvian lily,A vibrant close-up of a peruvian lily flower covered in morning dew,4,erased
peruvian lily,A vibrant close-up of a peruvian lily flower covered in morning dew,6,erased
peruvian lily,"A professional photograph of a single peruvian lily flower, isolated",1,erased
peruvian lily,"A professional photograph of a single peruvian lily flower, isolated",9,erased
peruvian lily,"A professional photograph of a single peruvian lily flower, isolated",15,erased
peruvian lily,"A professional photograph of a single peruvian lily flower, isolated",22,erased
peruvian lily,"A professional photograph of a single peruvian lily flower, isolated",23,erased
peruvian lily,An artistic close-up photo of a peruvian lily flower with natural lighting and shallow depth of field,1,erased
peruvian lily,An artistic close-up photo of a peruvian lily flower with natural lighting and shallow depth of field,2,erased
peruvian lily,An artistic close-up photo of a peruvian lily flower with natural lighting and shallow depth of field,7,erased
peruvian lily,An artistic close-up photo of a peruvian lily flower with natural lighting and shallow depth of field,8,erased
peruvian lily,An artistic close-up photo of a peruvian lily flower with natural lighting and shallow depth of field,9,erased
giant white arum lily,A high-quality macro photograph of a giant white arum lily flower in full bloom,1,other
giant white arum lily,A high-quality macro photograph of a giant white arum lily flower in full bloom,2,other
giant white arum lily,A high-quality macro photograph of a giant white arum lily flower in full bloom,3,other
giant white arum lily,A high-quality macro photograph of a giant white arum lily flower in full bloom,4,other
giant white arum lily,A high-quality macro photograph of a giant white arum lily flower in full bloom,5,other
giant white arum lily,"A detailed botanical image of a giant white arum lily flower, focused on the petals and textures",1,other
giant white arum lily,"A detailed botanical image of a giant white arum lily flower, focused on the petals and textures",2,other
giant white arum lily,"A detailed botanical image of a giant white arum lily flower, focused on the petals and textures",3,other
giant white arum lily,"A detailed botanical image of a giant white arum lily flower, focused on the petals and textures",4,other
giant white arum lily,"A detailed botanical image of a giant white arum lily flower, focused on the petals and textures",5,other
giant white arum lily,A vibrant close-up of a giant white arum lily flower covered in morning dew,1,other
giant white arum lily,A vibrant close-up of a giant white arum lily flower covered in morning dew,7,other
giant white arum lily,A vibrant close-up of a giant white arum lily flower covered in morning dew,8,other
giant white arum lily,A vibrant close-up of a giant white arum lily flower covered in morning dew,9,other
giant white arum lily,A vibrant close-up of a giant white arum lily flower covered in morning dew,11,other
giant white arum lily,"A professional photograph of a single giant white arum lily flower, isolated",0,other
giant white arum lily,"A professional photograph of a single giant white arum lily flower, isolated",1,other
giant white arum lily,"A professional photograph of a single giant white arum lily flower, isolated",2,other
giant white arum lily,"A professional photograph of a single giant white arum lily flower, isolated",3,other
giant white arum lily,"A professional photograph of a single giant white arum lily flower, isolated",4,other
giant white arum lily,An artistic close-up photo of a giant white arum lily flower with natural lighting and shallow depth of field,1,other
giant white arum lily,An artistic close-up photo of a giant white arum lily flower with natural lighting and shallow depth of field,2,other
giant white arum lily,An artistic close-up photo of a giant white arum lily flower with natural lighting and shallow depth of field,3,other
giant white arum lily,An artistic close-up photo of a giant white arum lily flower with natural lighting and shallow depth of field,4,other
giant white arum lily,An artistic close-up photo of a giant white arum lily flower with natural lighting and shallow depth of field,5,other
grape hyacinth,A high-quality macro photograph of a grape hyacinth flower in full bloom,1,other
grape hyacinth,A high-quality macro photograph of a grape hyacinth flower in full bloom,2,other
grape hyacinth,A high-quality macro photograph of a grape hyacinth flower in full bloom,3,other
grape hyacinth,A high-quality macro photograph of a grape hyacinth flower in full bloom,4,other
grape hyacinth,A high-quality macro photograph of a grape hyacinth flower in full bloom,5,other
grape hyacinth,"A detailed botanical image of a grape hyacinth flower, focused on the petals and textures",0,other
grape hyacinth,"A detailed botanical image of a grape hyacinth flower, focused on the petals and textures",1,other
grape hyacinth,"A detailed botanical image of a grape hyacinth flower, focused on the petals and textures",2,other
grape hyacinth,"A detailed botanical image of a grape hyacinth flower, focused on the petals and textures",3,other
grape hyacinth,"A detailed botanical image of a grape hyacinth flower, focused on the petals and textures",4,other
grape hyacinth,A vibrant close-up of a grape hyacinth flower covered in morning dew,2,other
grape hyacinth,A vibrant close-up of a grape hyacinth flower covered in morning dew,3,other
grape hyacinth,A vibrant close-up of a grape hyacinth flower covered in morning dew,4,other
grape hyacinth,A vibrant close-up of a grape hyacinth flower covered in morning dew,5,other
grape hyacinth,A vibrant close-up of a grape hyacinth flower covered in morning dew,6,other
grape hyacinth,"A professional photograph of a single grape hyacinth flower, isolated",0,other
grape hyacinth,"A professional photograph of a single grape hyacinth flower, isolated",1,other
grape hyacinth,"A professional photograph of a single grape hyacinth flower, isolated",2,other
grape hyacinth,"A professional photograph of a single grape hyacinth flower, isolated",3,other
grape hyacinth,"A professional photograph of a single grape hyacinth flower, isolated",4,other
grape hyacinth,An artistic close-up photo of a grape hyacinth flower with natural lighting and shallow depth of field,0,other
grape hyacinth,An artistic close-up photo of a grape hyacinth flower with natural lighting and shallow depth of field,1,other
grape hyacinth,An artistic close-up photo of a grape hyacinth flower with natural lighting and shallow depth of field,2,other
grape hyacinth,An artistic close-up photo of a grape hyacinth flower with natural lighting and shallow depth of field,3,other
grape hyacinth,An artistic close-up photo of a grape hyacinth flower with natural lighting and shallow depth of field,4,other
corn poppy,A high-quality macro photograph of a corn poppy flower in full bloom,1,erased
corn poppy,A high-quality macro photograph of a corn poppy flower in full bloom,3,erased
corn poppy,A high-quality macro photograph of a corn poppy flower in full bloom,4,erased
corn poppy,A high-quality macro photograph of a corn poppy flower in full bloom,5,erased
corn poppy,A high-quality macro photograph of a corn poppy flower in full bloom,7,erased
corn poppy,"A detailed botanical image of a corn poppy flower, focused on the petals and textures",4,erased
corn poppy,"A detailed botanical image of a corn poppy flower, focused on the petals and textures",5,erased
corn poppy,"A detailed botanical image of a corn poppy flower, focused on the petals and textures",10,erased
corn poppy,"A detailed botanical image of a corn poppy flower, focused on the petals and textures",11,erased
corn poppy,"A detailed botanical image of a corn poppy flower, focused on the petals and textures",13,erased
corn poppy,A vibrant close-up of a corn poppy flower covered in morning dew,1,erased
corn poppy,A vibrant close-up of a corn poppy flower covered in morning dew,5,erased
corn poppy,A vibrant close-up of a corn poppy flower covered in morning dew,7,erased
corn poppy,A vibrant close-up of a corn poppy flower covered in morning dew,8,erased
corn poppy,A vibrant close-up of a corn poppy flower covered in morning dew,9,erased
corn poppy,"A professional photograph of a single corn poppy flower, isolated",0,erased
corn poppy,"A professional photograph of a single corn poppy flower, isolated",1,erased
corn poppy,"A professional photograph of a single corn poppy flower, isolated",2,erased
corn poppy,"A professional photograph of a single corn poppy flower, isolated",3,erased
corn poppy,"A professional photograph of a single corn poppy flower, isolated",4,erased
corn poppy,An artistic close-up photo of a corn poppy flower with natural lighting and shallow depth of field,1,erased
corn poppy,An artistic close-up photo of a corn poppy flower with natural lighting and shallow depth of field,3,erased
corn poppy,An artistic close-up photo of a corn poppy flower with natural lighting and shallow depth of field,4,erased
corn poppy,An artistic close-up photo of a corn poppy flower with natural lighting and shallow depth of field,5,erased
corn poppy,An artistic close-up photo of a corn poppy flower with natural lighting and shallow depth of field,6,erased
sweet william,A high-quality macro photograph of a sweet william flower in full bloom,1,erased
sweet william,A high-quality macro photograph of a sweet william flower in full bloom,4,erased
sweet william,A high-quality macro photograph of a sweet william flower in full bloom,5,erased
sweet william,A high-quality macro photograph of a sweet william flower in full bloom,8,erased
sweet william,A high-quality macro photograph of a sweet william flower in full bloom,10,erased
sweet william,"A detailed botanical image of a sweet william flower, focused on the petals and textures",1,erased
sweet william,"A detailed botanical image of a sweet william flower, focused on the petals and textures",4,erased
sweet william,"A detailed botanical image of a sweet william flower, focused on the petals and textures",5,erased
sweet william,"A detailed botanical image of a sweet william flower, focused on the petals and textures",10,erased
sweet william,"A detailed botanical image of a sweet william flower, focused on the petals and textures",12,erased
sweet william,A vibrant close-up of a sweet william flower covered in morning dew,4,erased
sweet william,A vibrant close-up of a sweet william flower covered in morning dew,5,erased
sweet william,A vibrant close-up of a sweet william flower covered in morning dew,8,erased
sweet william,A vibrant close-up of a sweet william flower covered in morning dew,10,erased
sweet william,A vibrant close-up of a sweet william flower covered in morning dew,17,erased
sweet william,"A professional photograph of a single sweet william flower, isolated",1,erased
sweet william,"A professional photograph of a single sweet william flower, isolated",4,erased
sweet william,"A professional photograph of a single sweet william flower, isolated",6,erased
sweet william,"A professional photograph of a single sweet william flower, isolated",12,erased
sweet william,"A professional photograph of a single sweet william flower, isolated",16,erased
sweet william,An artistic close-up photo of a sweet william flower with natural lighting and shallow depth of field,4,erased
sweet william,An artistic close-up photo of a sweet william flower with natural lighting and shallow depth of field,5,erased
sweet william,An artistic close-up photo of a sweet william flower with natural lighting and shallow depth of field,8,erased
sweet william,An artistic close-up photo of a sweet william flower with natural lighting and shallow depth of field,10,erased
sweet william,An artistic close-up photo of a sweet william flower with natural lighting and shallow depth of field,12,erased
carnation,A high-quality macro photograph of a carnation flower in full bloom,0,erased
carnation,A high-quality macro photograph of a carnation flower in full bloom,1,erased
carnation,A high-quality macro photograph of a carnation flower in full bloom,2,erased
carnation,A high-quality macro photograph of a carnation flower in full bloom,4,erased
carnation,A high-quality macro photograph of a carnation flower in full bloom,5,erased
carnation,"A detailed botanical image of a carnation flower, focused on the petals and textures",0,erased
carnation,"A detailed botanical image of a carnation flower, focused on the petals and textures",1,erased
carnation,"A detailed botanical image of a carnation flower, focused on the petals and textures",2,erased
carnation,"A detailed botanical image of a carnation flower, focused on the petals and textures",3,erased
carnation,"A detailed botanical image of a carnation flower, focused on the petals and textures",4,erased
carnation,A vibrant close-up of a carnation flower covered in morning dew,0,erased
carnation,A vibrant close-up of a carnation flower covered in morning dew,1,erased
carnation,A vibrant close-up of a carnation flower covered in morning dew,2,erased
carnation,A vibrant close-up of a carnation flower covered in morning dew,4,erased
carnation,A vibrant close-up of a carnation flower covered in morning dew,6,erased
carnation,"A professional photograph of a single carnation flower, isolated",0,erased
carnation,"A professional photograph of a single carnation flower, isolated",4,erased
carnation,"A professional photograph of a single carnation flower, isolated",5,erased
carnation,"A professional photograph of a single carnation flower, isolated",6,erased
carnation,"A professional photograph of a single carnation flower, isolated",7,erased
carnation,An artistic close-up photo of a carnation flower with natural lighting and shallow depth of field,0,erased
carnation,An artistic close-up photo of a carnation flower with natural lighting and shallow depth of field,1,erased
carnation,An artistic close-up photo of a carnation flower with natural lighting and shallow depth of field,2,erased
carnation,An artistic close-up photo of a carnation flower with natural lighting and shallow depth of field,3,erased
carnation,An artistic close-up photo of a carnation flower with natural lighting and shallow depth of field,4,erased
garden phlox,A high-quality macro photograph of a garden phlox flower in full bloom,2,erased
garden phlox,A high-quality macro photograph of a garden phlox flower in full bloom,3,erased
garden phlox,A high-quality macro photograph of a garden phlox flower in full bloom,4,erased
garden phlox,A high-quality macro photograph of a garden phlox flower in full bloom,5,erased
garden phlox,A high-quality macro photograph of a garden phlox flower in full bloom,6,erased
garden phlox,"A detailed botanical image of a garden phlox flower, focused on the petals and textures",4,erased
garden phlox,"A detailed botanical image of a garden phlox flower, focused on the petals and textures",6,erased
garden phlox,"A detailed botanical image of a garden phlox flower, focused on the petals and textures",7,erased
garden phlox,"A detailed botanical image of a garden phlox flower, focused on the petals and textures",9,erased
garden phlox,"A detailed botanical image of a garden phlox flower, focused on the petals and textures",11,erased
garden phlox,A vibrant close-up of a garden phlox flower covered in morning dew,1,erased
garden phlox,A vibrant close-up of a garden phlox flower covered in morning dew,3,erased
garden phlox,A vibrant close-up of a garden phlox flower covered in morning dew,4,erased
garden phlox,A vibrant close-up of a garden phlox flower covered in morning dew,6,erased
garden phlox,A vibrant close-up of a garden phlox flower covered in morning dew,7,erased
garden phlox,"A professional photograph of a single garden phlox flower, isolated",1,erased
garden phlox,"A professional photograph of a single garden phlox flower, isolated",4,erased
garden phlox,"A professional photograph of a single garden phlox flower, isolated",5,erased
garden phlox,"A professional photograph of a single garden phlox flower, isolated",6,erased
garden phlox,"A professional photograph of a single garden phlox flower, isolated",8,erased
garden phlox,An artistic close-up photo of a garden phlox flower with natural lighting and shallow depth of field,2,erased
garden phlox,An artistic close-up photo of a garden phlox flower with natural lighting and shallow depth of field,3,erased
garden phlox,An artistic close-up photo of a garden phlox flower with natural lighting and shallow depth of field,4,erased
garden phlox,An artistic close-up photo of a garden phlox flower with natural lighting and shallow depth of field,5,erased
garden phlox,An artistic close-up photo of a garden phlox flower with natural lighting and shallow depth of field,6,erased
alpine sea holly,A high-quality macro photograph of a alpine sea holly flower in full bloom,2,other
alpine sea holly,A high-quality macro photograph of a alpine sea holly flower in full bloom,3,other
alpine sea holly,A high-quality macro photograph of a alpine sea holly flower in full bloom,4,other
alpine sea holly,A high-quality macro photograph of a alpine sea holly flower in full bloom,6,other
alpine sea holly,A high-quality macro photograph of a alpine sea holly flower in full bloom,7,other
alpine sea holly,"A detailed botanical image of a alpine sea holly flower, focused on the petals and textures",2,other
alpine sea holly,"A detailed botanical image of a alpine sea holly flower, focused on the petals and textures",6,other
alpine sea holly,"A detailed botanical image of a alpine sea holly flower, focused on the petals and textures",8,other
alpine sea holly,"A detailed botanical image of a alpine sea holly flower, focused on the petals and textures",12,other
alpine sea holly,"A detailed botanical image of a alpine sea holly flower, focused on the petals and textures",14,other
alpine sea holly,A vibrant close-up of a alpine sea holly flower covered in morning dew,0,other
alpine sea holly,A vibrant close-up of a alpine sea holly flower covered in morning dew,6,other
alpine sea holly,A vibrant close-up of a alpine sea holly flower covered in morning dew,7,other
alpine sea holly,A vibrant close-up of a alpine sea holly flower covered in morning dew,9,other
alpine sea holly,A vibrant close-up of a alpine sea holly flower covered in morning dew,12,other
alpine sea holly,"A professional photograph of a single alpine sea holly flower, isolated",0,other
alpine sea holly,"A professional photograph of a single alpine sea holly flower, isolated",7,other
alpine sea holly,"A professional photograph of a single alpine sea holly flower, isolated",10,other
alpine sea holly,"A professional photograph of a single alpine sea holly flower, isolated",14,other
alpine sea holly,"A professional photograph of a single alpine sea holly flower, isolated",18,other
alpine sea holly,An artistic close-up photo of a alpine sea holly flower with natural lighting and shallow depth of field,2,other
alpine sea holly,An artistic close-up photo of a alpine sea holly flower with natural lighting and shallow depth of field,3,other
alpine sea holly,An artistic close-up photo of a alpine sea holly flower with natural lighting and shallow depth of field,6,other
alpine sea holly,An artistic close-up photo of a alpine sea holly flower with natural lighting and shallow depth of field,7,other
alpine sea holly,An artistic close-up photo of a alpine sea holly flower with natural lighting and shallow depth of field,9,other
daffodil,A high-quality macro photograph of a daffodil flower in full bloom,3,other
daffodil,A high-quality macro photograph of a daffodil flower in full bloom,4,other
daffodil,A high-quality macro photograph of a daffodil flower in full bloom,5,other
daffodil,A high-quality macro photograph of a daffodil flower in full bloom,6,other
daffodil,A high-quality macro photograph of a daffodil flower in full bloom,7,other
daffodil,"A detailed botanical image of a daffodil flower, focused on the petals and textures",3,other
daffodil,"A detailed botanical image of a daffodil flower, focused on the petals and textures",4,other
daffodil,"A detailed botanical image of a daffodil flower, focused on the petals and textures",5,other
daffodil,"A detailed botanical image of a daffodil flower, focused on the petals and textures",7,other
daffodil,"A detailed botanical image of a daffodil flower, focused on the petals and textures",8,other
daffodil,A vibrant close-up of a daffodil flower covered in morning dew,3,other
daffodil,A vibrant close-up of a daffodil flower covered in morning dew,4,other
daffodil,A vibrant close-up of a daffodil flower covered in morning dew,7,other
daffodil,A vibrant close-up of a daffodil flower covered in morning dew,8,other
daffodil,A vibrant close-up of a daffodil flower covered in morning dew,9,other
daffodil,"A professional photograph of a single daffodil flower, isolated",0,other
daffodil,"A professional photograph of a single daffodil flower, isolated",1,other
daffodil,"A professional photograph of a single daffodil flower, isolated",2,other
daffodil,"A professional photograph of a single daffodil flower, isolated",4,other
daffodil,"A professional photograph of a single daffodil flower, isolated",5,other
daffodil,An artistic close-up photo of a daffodil flower with natural lighting and shallow depth of field,1,other
daffodil,An artistic close-up photo of a daffodil flower with natural lighting and shallow depth of field,2,other
daffodil,An artistic close-up photo of a daffodil flower with natural lighting and shallow depth of field,4,other
daffodil,An artistic close-up photo of a daffodil flower with natural lighting and shallow depth of field,5,other
daffodil,An artistic close-up photo of a daffodil flower with natural lighting and shallow depth of field,6,other
poinsettia,A high-quality macro photograph of a poinsettia flower in full bloom,0,erased
poinsettia,A high-quality macro photograph of a poinsettia flower in full bloom,1,erased
poinsettia,A high-quality macro photograph of a poinsettia flower in full bloom,2,erased
poinsettia,A high-quality macro photograph of a poinsettia flower in full bloom,3,erased
poinsettia,A high-quality macro photograph of a poinsettia flower in full bloom,4,erased
poinsettia,"A detailed botanical image of a poinsettia flower, focused on the petals and textures",0,erased
poinsettia,"A detailed botanical image of a poinsettia flower, focused on the petals and textures",1,erased
poinsettia,"A detailed botanical image of a poinsettia flower, focused on the petals and textures",2,erased
poinsettia,"A detailed botanical image of a poinsettia flower, focused on the petals and textures",3,erased
poinsettia,"A detailed botanical image of a poinsettia flower, focused on the petals and textures",4,erased
poinsettia,A vibrant close-up of a poinsettia flower covered in morning dew,0,erased
poinsettia,A vibrant close-up of a poinsettia flower covered in morning dew,1,erased
poinsettia,A vibrant close-up of a poinsettia flower covered in morning dew,2,erased
poinsettia,A vibrant close-up of a poinsettia flower covered in morning dew,3,erased
poinsettia,A vibrant close-up of a poinsettia flower covered in morning dew,4,erased
poinsettia,"A professional photograph of a single poinsettia flower, isolated",0,erased
poinsettia,"A professional photograph of a single poinsettia flower, isolated",1,erased
poinsettia,"A professional photograph of a single poinsettia flower, isolated",2,erased
poinsettia,"A professional photograph of a single poinsettia flower, isolated",3,erased
poinsettia,"A professional photograph of a single poinsettia flower, isolated",4,erased
poinsettia,An artistic close-up photo of a poinsettia flower with natural lighting and shallow depth of field,0,erased
poinsettia,An artistic close-up photo of a poinsettia flower with natural lighting and shallow depth of field,1,erased
poinsettia,An artistic close-up photo of a poinsettia flower with natural lighting and shallow depth of field,2,erased
poinsettia,An artistic close-up photo of a poinsettia flower with natural lighting and shallow depth of field,3,erased
poinsettia,An artistic close-up photo of a poinsettia flower with natural lighting and shallow depth of field,4,erased
oxeye daisy,A high-quality macro photograph of a oxeye daisy flower in full bloom,0,erased
oxeye daisy,A high-quality macro photograph of a oxeye daisy flower in full bloom,4,erased
oxeye daisy,A high-quality macro photograph of a oxeye daisy flower in full bloom,5,erased
oxeye daisy,A high-quality macro photograph of a oxeye daisy flower in full bloom,6,erased
oxeye daisy,A high-quality macro photograph of a oxeye daisy flower in full bloom,7,erased
oxeye daisy,"A detailed botanical image of a oxeye daisy flower, focused on the petals and textures",0,erased
oxeye daisy,"A detailed botanical image of a oxeye daisy flower, focused on the petals and textures",3,erased
oxeye daisy,"A detailed botanical image of a oxeye daisy flower, focused on the petals and textures",5,erased
oxeye daisy,"A detailed botanical image of a oxeye daisy flower, focused on the petals and textures",6,erased
oxeye daisy,"A detailed botanical image of a oxeye daisy flower, focused on the petals and textures",7,erased
oxeye daisy,A vibrant close-up of a oxeye daisy flower covered in morning dew,5,erased
oxeye daisy,A vibrant close-up of a oxeye daisy flower covered in morning dew,6,erased
oxeye daisy,A vibrant close-up of a oxeye daisy flower covered in morning dew,7,erased
oxeye daisy,A vibrant close-up of a oxeye daisy flower covered in morning dew,8,erased
oxeye daisy,A vibrant close-up of a oxeye daisy flower covered in morning dew,9,erased
oxeye daisy,"A professional photograph of a single oxeye daisy flower, isolated",0,erased
oxeye daisy,"A professional photograph of a single oxeye daisy flower, isolated",1,erased
oxeye daisy,"A professional photograph of a single oxeye daisy flower, isolated",2,erased
oxeye daisy,"A professional photograph of a single oxeye daisy flower, isolated",3,erased
oxeye daisy,"A professional photograph of a single oxeye daisy flower, isolated",4,erased
oxeye daisy,An artistic close-up photo of a oxeye daisy flower with natural lighting and shallow depth of field,0,erased
oxeye daisy,An artistic close-up photo of a oxeye daisy flower with natural lighting and shallow depth of field,1,erased
oxeye daisy,An artistic close-up photo of a oxeye daisy flower with natural lighting and shallow depth of field,2,erased
oxeye daisy,An artistic close-up photo of a oxeye daisy flower with natural lighting and shallow depth of field,3,erased
oxeye daisy,An artistic close-up photo of a oxeye daisy flower with natural lighting and shallow depth of field,4,erased
wild pansy,A high-quality macro photograph of a wild pansy flower in full bloom,1,erased
wild pansy,A high-quality macro photograph of a wild pansy flower in full bloom,2,erased
wild pansy,A high-quality macro photograph of a wild pansy flower in full bloom,3,erased
wild pansy,A high-quality macro photograph of a wild pansy flower in full bloom,4,erased
wild pansy,A high-quality macro photograph of a wild pansy flower in full bloom,5,erased
wild pansy,"A detailed botanical image of a wild pansy flower, focused on the petals and textures",1,erased
wild pansy,"A detailed botanical image of a wild pansy flower, focused on the petals and textures",2,erased
wild pansy,"A detailed botanical image of a wild pansy flower, focused on the petals and textures",5,erased
wild pansy,"A detailed botanical image of a wild pansy flower, focused on the petals and textures",6,erased
wild pansy,"A detailed botanical image of a wild pansy flower, focused on the petals and textures",9,erased
wild pansy,A vibrant close-up of a wild pansy flower covered in morning dew,0,erased
wild pansy,A vibrant close-up of a wild pansy flower covered in morning dew,2,erased
wild pansy,A vibrant close-up of a wild pansy flower covered in morning dew,4,erased
wild pansy,A vibrant close-up of a wild pansy flower covered in morning dew,6,erased
wild pansy,A vibrant close-up of a wild pansy flower covered in morning dew,7,erased
wild pansy,"A professional photograph of a single wild pansy flower, isolated",2,erased
wild pansy,"A professional photograph of a single wild pansy flower, isolated",3,erased
wild pansy,"A professional photograph of a single wild pansy flower, isolated",4,erased
wild pansy,"A professional photograph of a single wild pansy flower, isolated",5,erased
wild pansy,"A professional photograph of a single wild pansy flower, isolated",6,erased
wild pansy,An artistic close-up photo of a wild pansy flower with natural lighting and shallow depth of field,2,erased
wild pansy,An artistic close-up photo of a wild pansy flower with natural lighting and shallow depth of field,5,erased
wild pansy,An artistic close-up photo of a wild pansy flower with natural lighting and shallow depth of field,6,erased
wild pansy,An artistic close-up photo of a wild pansy flower with natural lighting and shallow depth of field,9,erased
wild pansy,An artistic close-up photo of a wild pansy flower with natural lighting and shallow depth of field,11,erased
sunflower,A high-quality macro photograph of a sunflower flower in full bloom,1,other
sunflower,A high-quality macro photograph of a sunflower flower in full bloom,2,other
sunflower,A high-quality macro photograph of a sunflower flower in full bloom,3,other
sunflower,A high-quality macro photograph of a sunflower flower in full bloom,4,other
sunflower,A high-quality macro photograph of a sunflower flower in full bloom,5,other
sunflower,"A detailed botanical image of a sunflower flower, focused on the petals and textures",0,other
sunflower,"A detailed botanical image of a sunflower flower, focused on the petals and textures",1,other
sunflower,"A detailed botanical image of a sunflower flower, focused on the petals and textures",2,other
sunflower,"A detailed botanical image of a sunflower flower, focused on the petals and textures",3,other
sunflower,"A detailed botanical image of a sunflower flower, focused on the petals and textures",4,other
sunflower,A vibrant close-up of a sunflower flower covered in morning dew,0,other
sunflower,A vibrant close-up of a sunflower flower covered in morning dew,1,other
sunflower,A vibrant close-up of a sunflower flower covered in morning dew,2,other
sunflower,A vibrant close-up of a sunflower flower covered in morning dew,3,other
sunflower,A vibrant close-up of a sunflower flower covered in morning dew,4,other
sunflower,"A professional photograph of a single sunflower flower, isolated",0,other
sunflower,"A professional photograph of a single sunflower flower, isolated",1,other
sunflower,"A professional photograph of a single sunflower flower, isolated",2,other
sunflower,"A professional photograph of a single sunflower flower, isolated",3,other
sunflower,"A professional photograph of a single sunflower flower, isolated",4,other
sunflower,An artistic close-up photo of a sunflower flower with natural lighting and shallow depth of field,1,other
sunflower,An artistic close-up photo of a sunflower flower with natural lighting and shallow depth of field,2,other
sunflower,An artistic close-up photo of a sunflower flower with natural lighting and shallow depth of field,3,other
sunflower,An artistic close-up photo of a sunflower flower with natural lighting and shallow depth of field,4,other
sunflower,An artistic close-up photo of a sunflower flower with natural lighting and shallow depth of field,5,other
pink-yellow dahlia?,A high-quality macro photograph of a pink-yellow dahlia? flower in full bloom,2,other
pink-yellow dahlia?,A high-quality macro photograph of a pink-yellow dahlia? flower in full bloom,3,other
pink-yellow dahlia?,A high-quality macro photograph of a pink-yellow dahlia? flower in full bloom,7,other
pink-yellow dahlia?,A high-quality macro photograph of a pink-yellow dahlia? flower in full bloom,8,other
pink-yellow dahlia?,A high-quality macro photograph of a pink-yellow dahlia? flower in full bloom,9,other
pink-yellow dahlia?,"A detailed botanical image of a pink-yellow dahlia? flower, focused on the petals and textures",0,other
pink-yellow dahlia?,"A detailed botanical image of a pink-yellow dahlia? flower, focused on the petals and textures",4,other
pink-yellow dahlia?,"A detailed botanical image of a pink-yellow dahlia? flower, focused on the petals and textures",6,other
pink-yellow dahlia?,"A detailed botanical image of a pink-yellow dahlia? flower, focused on the petals and textures",8,other
pink-yellow dahlia?,"A detailed botanical image of a pink-yellow dahlia? flower, focused on the petals and textures",11,other
pink-yellow dahlia?,A vibrant close-up of a pink-yellow dahlia? flower covered in morning dew,0,other
pink-yellow dahlia?,A vibrant close-up of a pink-yellow dahlia? flower covered in morning dew,5,other
pink-yellow dahlia?,A vibrant close-up of a pink-yellow dahlia? flower covered in morning dew,6,other
pink-yellow dahlia?,A vibrant close-up of a pink-yellow dahlia? flower covered in morning dew,7,other
pink-yellow dahlia?,A vibrant close-up of a pink-yellow dahlia? flower covered in morning dew,8,other
pink-yellow dahlia?,"A professional photograph of a single pink-yellow dahlia? flower, isolated",3,other
pink-yellow dahlia?,"A professional photograph of a single pink-yellow dahlia? flower, isolated",6,other
pink-yellow dahlia?,"A professional photograph of a single pink-yellow dahlia? flower, isolated",10,other
pink-yellow dahlia?,"A professional photograph of a single pink-yellow dahlia? flower, isolated",14,other
pink-yellow dahlia?,"A professional photograph of a single pink-yellow dahlia? flower, isolated",15,other
pink-yellow dahlia?,An artistic close-up photo of a pink-yellow dahlia? flower with natural lighting and shallow depth of field,4,other
pink-yellow dahlia?,An artistic close-up photo of a pink-yellow dahlia? flower with natural lighting and shallow depth of field,5,other
pink-yellow dahlia?,An artistic close-up photo of a pink-yellow dahlia? flower with natural lighting and shallow depth of field,6,other
pink-yellow dahlia?,An artistic close-up photo of a pink-yellow dahlia? flower with natural lighting and shallow depth of field,7,other
pink-yellow dahlia?,An artistic close-up photo of a pink-yellow dahlia? flower with natural lighting and shallow depth of field,8,other
black-eyed susan,A high-quality macro photograph of a black-eyed susan flower in full bloom,1,erased
black-eyed susan,A high-quality macro photograph of a black-eyed susan flower in full bloom,3,erased
black-eyed susan,A high-quality macro photograph of a black-eyed susan flower in full bloom,4,erased
black-eyed susan,A high-quality macro photograph of a black-eyed susan flower in full bloom,5,erased
black-eyed susan,A high-quality macro photograph of a black-eyed susan flower in full bloom,7,erased
black-eyed susan,"A detailed botanical image of a black-eyed susan flower, focused on the petals and textures",4,erased
black-eyed susan,"A detailed botanical image of a black-eyed susan flower, focused on the petals and textures",5,erased
black-eyed susan,"A detailed botanical image of a black-eyed susan flower, focused on the petals and textures",8,erased
black-eyed susan,"A detailed botanical image of a black-eyed susan flower, focused on the petals and textures",10,erased
black-eyed susan,"A detailed botanical image of a black-eyed susan flower, focused on the petals and textures",17,erased
black-eyed susan,A vibrant close-up of a black-eyed susan flower covered in morning dew,3,erased
black-eyed susan,A vibrant close-up of a black-eyed susan flower covered in morning dew,4,erased
black-eyed susan,A vibrant close-up of a black-eyed susan flower covered in morning dew,7,erased
black-eyed susan,A vibrant close-up of a black-eyed susan flower covered in morning dew,8,erased
black-eyed susan,A vibrant close-up of a black-eyed susan flower covered in morning dew,10,erased
black-eyed susan,"A professional photograph of a single black-eyed susan flower, isolated",3,erased
black-eyed susan,"A professional photograph of a single black-eyed susan flower, isolated",4,erased
black-eyed susan,"A professional photograph of a single black-eyed susan flower, isolated",5,erased
black-eyed susan,"A professional photograph of a single black-eyed susan flower, isolated",6,erased
black-eyed susan,"A professional photograph of a single black-eyed susan flower, isolated",7,erased
black-eyed susan,An artistic close-up photo of a black-eyed susan flower with natural lighting and shallow depth of field,1,erased
black-eyed susan,An artistic close-up photo of a black-eyed susan flower with natural lighting and shallow depth of field,3,erased
black-eyed susan,An artistic close-up photo of a black-eyed susan flower with natural lighting and shallow depth of field,4,erased
black-eyed susan,An artistic close-up photo of a black-eyed susan flower with natural lighting and shallow depth of field,5,erased
black-eyed susan,An artistic close-up photo of a black-eyed susan flower with natural lighting and shallow depth of field,6,erased
osteospermum,A high-quality macro photograph of a osteospermum flower in full bloom,1,other
osteospermum,A high-quality macro photograph of a osteospermum flower in full bloom,2,other
osteospermum,A high-quality macro photograph of a osteospermum flower in full bloom,3,other
osteospermum,A high-quality macro photograph of a osteospermum flower in full bloom,4,other
osteospermum,A high-quality macro photograph of a osteospermum flower in full bloom,5,other
osteospermum,"A detailed botanical image of a osteospermum flower, focused on the petals and textures",1,other
osteospermum,"A detailed botanical image of a osteospermum flower, focused on the petals and textures",2,other
osteospermum,"A detailed botanical image of a osteospermum flower, focused on the petals and textures",3,other
osteospermum,"A detailed botanical image of a osteospermum flower, focused on the petals and textures",4,other
osteospermum,"A detailed botanical image of a osteospermum flower, focused on the petals and textures",5,other
osteospermum,A vibrant close-up of a osteospermum flower covered in morning dew,1,other
osteospermum,A vibrant close-up of a osteospermum flower covered in morning dew,2,other
osteospermum,A vibrant close-up of a osteospermum flower covered in morning dew,3,other
osteospermum,A vibrant close-up of a osteospermum flower covered in morning dew,4,other
osteospermum,A vibrant close-up of a osteospermum flower covered in morning dew,5,other
osteospermum,"A professional photograph of a single osteospermum flower, isolated",0,other
osteospermum,"A professional photograph of a single osteospermum flower, isolated",1,other
osteospermum,"A professional photograph of a single osteospermum flower, isolated",2,other
osteospermum,"A professional photograph of a single osteospermum flower, isolated",5,other
osteospermum,"A professional photograph of a single osteospermum flower, isolated",12,other
osteospermum,An artistic close-up photo of a osteospermum flower with natural lighting and shallow depth of field,1,other
osteospermum,An artistic close-up photo of a osteospermum flower with natural lighting and shallow depth of field,2,other
osteospermum,An artistic close-up photo of a osteospermum flower with natural lighting and shallow depth of field,5,other
osteospermum,An artistic close-up photo of a osteospermum flower with natural lighting and shallow depth of field,13,other
osteospermum,An artistic close-up photo of a osteospermum flower with natural lighting and shallow depth of field,14,other
spring crocus,A high-quality macro photograph of a spring crocus flower in full bloom,0,erased
spring crocus,A high-quality macro photograph of a spring crocus flower in full bloom,1,erased
spring crocus,A high-quality macro photograph of a spring crocus flower in full bloom,2,erased
spring crocus,A high-quality macro photograph of a spring crocus flower in full bloom,3,erased
spring crocus,A high-quality macro photograph of a spring crocus flower in full bloom,4,erased
spring crocus,"A detailed botanical image of a spring crocus flower, focused on the petals and textures",2,erased
spring crocus,"A detailed botanical image of a spring crocus flower, focused on the petals and textures",3,erased
spring crocus,"A detailed botanical image of a spring crocus flower, focused on the petals and textures",4,erased
spring crocus,"A detailed botanical image of a spring crocus flower, focused on the petals and textures",5,erased
spring crocus,"A detailed botanical image of a spring crocus flower, focused on the petals and textures",7,erased
spring crocus,A vibrant close-up of a spring crocus flower covered in morning dew,0,erased
spring crocus,A vibrant close-up of a spring crocus flower covered in morning dew,1,erased
spring crocus,A vibrant close-up of a spring crocus flower covered in morning dew,2,erased
spring crocus,A vibrant close-up of a spring crocus flower covered in morning dew,3,erased
spring crocus,A vibrant close-up of a spring crocus flower covered in morning dew,4,erased
spring crocus,"A professional photograph of a single spring crocus flower, isolated",0,erased
spring crocus,"A professional photograph of a single spring crocus flower, isolated",1,erased
spring crocus,"A professional photograph of a single spring crocus flower, isolated",2,erased
spring crocus,"A professional photograph of a single spring crocus flower, isolated",4,erased
spring crocus,"A professional photograph of a single spring crocus flower, isolated",5,erased
spring crocus,An artistic close-up photo of a spring crocus flower with natural lighting and shallow depth of field,0,erased
spring crocus,An artistic close-up photo of a spring crocus flower with natural lighting and shallow depth of field,1,erased
spring crocus,An artistic close-up photo of a spring crocus flower with natural lighting and shallow depth of field,2,erased
spring crocus,An artistic close-up photo of a spring crocus flower with natural lighting and shallow depth of field,4,erased
spring crocus,An artistic close-up photo of a spring crocus flower with natural lighting and shallow depth of field,5,erased
gazania,A high-quality macro photograph of a gazania flower in full bloom,1,other
gazania,A high-quality macro photograph of a gazania flower in full bloom,3,other
gazania,A high-quality macro photograph of a gazania flower in full bloom,4,other
gazania,A high-quality macro photograph of a gazania flower in full bloom,7,other
gazania,A high-quality macro photograph of a gazania flower in full bloom,10,other
gazania,"A detailed botanical image of a gazania flower, focused on the petals and textures",1,other
gazania,"A detailed botanical image of a gazania flower, focused on the petals and textures",3,other
gazania,"A detailed botanical image of a gazania flower, focused on the petals and textures",4,other
gazania,"A detailed botanical image of a gazania flower, focused on the petals and textures",6,other
gazania,"A detailed botanical image of a gazania flower, focused on the petals and textures",7,other
gazania,A vibrant close-up of a gazania flower covered in morning dew,1,other
gazania,A vibrant close-up of a gazania flower covered in morning dew,3,other
gazania,A vibrant close-up of a gazania flower covered in morning dew,4,other
gazania,A vibrant close-up of a gazania flower covered in morning dew,6,other
gazania,A vibrant close-up of a gazania flower covered in morning dew,7,other
gazania,"A professional photograph of a single gazania flower, isolated",1,other
gazania,"A professional photograph of a single gazania flower, isolated",4,other
gazania,"A professional photograph of a single gazania flower, isolated",10,other
gazania,"A professional photograph of a single gazania flower, isolated",15,other
gazania,"A professional photograph of a single gazania flower, isolated",18,other
gazania,An artistic close-up photo of a gazania flower with natural lighting and shallow depth of field,1,other
gazania,An artistic close-up photo of a gazania flower with natural lighting and shallow depth of field,3,other
gazania,An artistic close-up photo of a gazania flower with natural lighting and shallow depth of field,4,other
gazania,An artistic close-up photo of a gazania flower with natural lighting and shallow depth of field,7,other
gazania,An artistic close-up photo of a gazania flower with natural lighting and shallow depth of field,10,other
water lily,A high-quality macro photograph of a water lily flower in full bloom,0,other
water lily,A high-quality macro photograph of a water lily flower in full bloom,1,other
water lily,A high-quality macro photograph of a water lily flower in full bloom,2,other
water lily,A high-quality macro photograph of a water lily flower in full bloom,3,other
water lily,A high-quality macro photograph of a water lily flower in full bloom,4,other
water lily,"A detailed botanical image of a water lily flower, focused on the petals and textures",0,other
water lily,"A detailed botanical image of a water lily flower, focused on the petals and textures",1,other
water lily,"A detailed botanical image of a water lily flower, focused on the petals and textures",2,other
water lily,"A detailed botanical image of a water lily flower, focused on the petals and textures",3,other
water lily,"A detailed botanical image of a water lily flower, focused on the petals and textures",4,other
water lily,A vibrant close-up of a water lily flower covered in morning dew,0,other
water lily,A vibrant close-up of a water lily flower covered in morning dew,1,other
water lily,A vibrant close-up of a water lily flower covered in morning dew,2,other
water lily,A vibrant close-up of a water lily flower covered in morning dew,3,other
water lily,A vibrant close-up of a water lily flower covered in morning dew,4,other
water lily,"A professional photograph of a single water lily flower, isolated",0,other
water lily,"A professional photograph of a single water lily flower, isolated",1,other
water lily,"A professional photograph of a single water lily flower, isolated",2,other
water lily,"A professional photograph of a single water lily flower, isolated",3,other
water lily,"A professional photograph of a single water lily flower, isolated",4,other
water lily,An artistic close-up photo of a water lily flower with natural lighting and shallow depth of field,0,other
water lily,An artistic close-up photo of a water lily flower with natural lighting and shallow depth of field,1,other
water lily,An artistic close-up photo of a water lily flower with natural lighting and shallow depth of field,2,other
water lily,An artistic close-up photo of a water lily flower with natural lighting and shallow depth of field,3,other
water lily,An artistic close-up photo of a water lily flower with natural lighting and shallow depth of field,4,other
rose,A high-quality macro photograph of a rose flower in full bloom,0,other
rose,A high-quality macro photograph of a rose flower in full bloom,1,other
rose,A high-quality macro photograph of a rose flower in full bloom,2,other
rose,A high-quality macro photograph of a rose flower in full bloom,3,other
rose,A high-quality macro photograph of a rose flower in full bloom,4,other
rose,"A detailed botanical image of a rose flower, focused on the petals and textures",0,other
rose,"A detailed botanical image of a rose flower, focused on the petals and textures",1,other
rose,"A detailed botanical image of a rose flower, focused on the petals and textures",2,other
rose,"A detailed botanical image of a rose flower, focused on the petals and textures",3,other
rose,"A detailed botanical image of a rose flower, focused on the petals and textures",4,other
rose,A vibrant close-up of a rose flower covered in morning dew,0,other
rose,A vibrant close-up of a rose flower covered in morning dew,1,other
rose,A vibrant close-up of a rose flower covered in morning dew,2,other
rose,A vibrant close-up of a rose flower covered in morning dew,3,other
rose,A vibrant close-up of a rose flower covered in morning dew,4,other
rose,"A professional photograph of a single rose flower, isolated",0,other
rose,"A professional photograph of a single rose flower, isolated",1,other
rose,"A professional photograph of a single rose flower, isolated",2,other
rose,"A professional photograph of a single rose flower, isolated",3,other
rose,"A professional photograph of a single rose flower, isolated",4,other
rose,An artistic close-up photo of a rose flower with natural lighting and shallow depth of field,0,other
rose,An artistic close-up photo of a rose flower with natural lighting and shallow depth of field,1,other
rose,An artistic close-up photo of a rose flower with natural lighting and shallow depth of field,2,other
rose,An artistic close-up photo of a rose flower with natural lighting and shallow depth of field,3,other
rose,An artistic close-up photo of a rose flower with natural lighting and shallow depth of field,4,other
passion flower,A high-quality macro photograph of a passion flower flower in full bloom,0,other
passion flower,A high-quality macro photograph of a passion flower flower in full bloom,1,other
passion flower,A high-quality macro photograph of a passion flower flower in full bloom,2,other
passion flower,A high-quality macro photograph of a passion flower flower in full bloom,3,other
passion flower,A high-quality macro photograph of a passion flower flower in full bloom,4,other
passion flower,"A detailed botanical image of a passion flower flower, focused on the petals and textures",0,other
passion flower,"A detailed botanical image of a passion flower flower, focused on the petals and textures",1,other
passion flower,"A detailed botanical image of a passion flower flower, focused on the petals and textures",2,other
passion flower,"A detailed botanical image of a passion flower flower, focused on the petals and textures",3,other
passion flower,"A detailed botanical image of a passion flower flower, focused on the petals and textures",4,other
passion flower,A vibrant close-up of a passion flower flower covered in morning dew,0,other
passion flower,A vibrant close-up of a passion flower flower covered in morning dew,1,other
passion flower,A vibrant close-up of a passion flower flower covered in morning dew,2,other
passion flower,A vibrant close-up of a passion flower flower covered in morning dew,3,other
passion flower,A vibrant close-up of a passion flower flower covered in morning dew,4,other
passion flower,"A professional photograph of a single passion flower flower, isolated",0,other
passion flower,"A professional photograph of a single passion flower flower, isolated",1,other
passion flower,"A professional photograph of a single passion flower flower, isolated",2,other
passion flower,"A professional photograph of a single passion flower flower, isolated",3,other
passion flower,"A professional photograph of a single passion flower flower, isolated",4,other
passion flower,An artistic close-up photo of a passion flower flower with natural lighting and shallow depth of field,0,other
passion flower,An artistic close-up photo of a passion flower flower with natural lighting and shallow depth of field,1,other
passion flower,An artistic close-up photo of a passion flower flower with natural lighting and shallow depth of field,2,other
passion flower,An artistic close-up photo of a passion flower flower with natural lighting and shallow depth of field,3,other
passion flower,An artistic close-up photo of a passion flower flower with natural lighting and shallow depth of field,4,other
lotus,A high-quality macro photograph of a lotus flower in full bloom,0,other
lotus,A high-quality macro photograph of a lotus flower in full bloom,1,other
lotus,A high-quality macro photograph of a lotus flower in full bloom,7,other
lotus,A high-quality macro photograph of a lotus flower in full bloom,10,other
lotus,A high-quality macro photograph of a lotus flower in full bloom,12,other
lotus,"A detailed botanical image of a lotus flower, focused on the petals and textures",5,other
lotus,"A detailed botanical image of a lotus flower, focused on the petals and textures",10,other
lotus,"A detailed botanical image of a lotus flower, focused on the petals and textures",13,other
lotus,"A detailed botanical image of a lotus flower, focused on the petals and textures",17,other
lotus,"A detailed botanical image of a lotus flower, focused on the petals and textures",18,other
lotus,A vibrant close-up of a lotus flower covered in morning dew,0,other
lotus,A vibrant close-up of a lotus flower covered in morning dew,3,other
lotus,A vibrant close-up of a lotus flower covered in morning dew,4,other
lotus,A vibrant close-up of a lotus flower covered in morning dew,5,other
lotus,A vibrant close-up of a lotus flower covered in morning dew,7,other
lotus,"A professional photograph of a single lotus flower, isolated",1,other
lotus,"A professional photograph of a single lotus flower, isolated",4,other
lotus,"A professional photograph of a single lotus flower, isolated",14,other
lotus,"A professional photograph of a single lotus flower, isolated",15,other
lotus,"A professional photograph of a single lotus flower, isolated",18,other
lotus,An artistic close-up photo of a lotus flower with natural lighting and shallow depth of field,0,other
lotus,An artistic close-up photo of a lotus flower with natural lighting and shallow depth of field,3,other
lotus,An artistic close-up photo of a lotus flower with natural lighting and shallow depth of field,10,other
lotus,An artistic close-up photo of a lotus flower with natural lighting and shallow depth of field,11,other
lotus,An artistic close-up photo of a lotus flower with natural lighting and shallow depth of field,14,other
anthurium,A high-quality macro photograph of a anthurium flower in full bloom,0,other
anthurium,A high-quality macro photograph of a anthurium flower in full bloom,1,other
anthurium,A high-quality macro photograph of a anthurium flower in full bloom,2,other
anthurium,A high-quality macro photograph of a anthurium flower in full bloom,3,other
anthurium,A high-quality macro photograph of a anthurium flower in full bloom,4,other
anthurium,"A detailed botanical image of a anthurium flower, focused on the petals and textures",0,other
anthurium,"A detailed botanical image of a anthurium flower, focused on the petals and textures",1,other
anthurium,"A detailed botanical image of a anthurium flower, focused on the petals and textures",2,other
anthurium,"A detailed botanical image of a anthurium flower, focused on the petals and textures",3,other
anthurium,"A detailed botanical image of a anthurium flower, focused on the petals and textures",5,other
anthurium,A vibrant close-up of a anthurium flower covered in morning dew,1,other
anthurium,A vibrant close-up of a anthurium flower covered in morning dew,2,other
anthurium,A vibrant close-up of a anthurium flower covered in morning dew,3,other
anthurium,A vibrant close-up of a anthurium flower covered in morning dew,4,other
anthurium,A vibrant close-up of a anthurium flower covered in morning dew,5,other
anthurium,"A professional photograph of a single anthurium flower, isolated",1,other
anthurium,"A professional photograph of a single anthurium flower, isolated",2,other
anthurium,"A professional photograph of a single anthurium flower, isolated",3,other
anthurium,"A professional photograph of a single anthurium flower, isolated",4,other
anthurium,"A professional photograph of a single anthurium flower, isolated",5,other
anthurium,An artistic close-up photo of a anthurium flower with natural lighting and shallow depth of field,0,other
anthurium,An artistic close-up photo of a anthurium flower with natural lighting and shallow depth of field,1,other
anthurium,An artistic close-up photo of a anthurium flower with natural lighting and shallow depth of field,2,other
anthurium,An artistic close-up photo of a anthurium flower with natural lighting and shallow depth of field,3,other
anthurium,An artistic close-up photo of a anthurium flower with natural lighting and shallow depth of field,4,other
frangipani,A high-quality macro photograph of a frangipani flower in full bloom,0,other
frangipani,A high-quality macro photograph of a frangipani flower in full bloom,1,other
frangipani,A high-quality macro photograph of a frangipani flower in full bloom,4,other
frangipani,A high-quality macro photograph of a frangipani flower in full bloom,5,other
frangipani,A high-quality macro photograph of a frangipani flower in full bloom,6,other
frangipani,"A detailed botanical image of a frangipani flower, focused on the petals and textures",0,other
frangipani,"A detailed botanical image of a frangipani flower, focused on the petals and textures",1,other
frangipani,"A detailed botanical image of a frangipani flower, focused on the petals and textures",3,other
frangipani,"A detailed botanical image of a frangipani flower, focused on the petals and textures",4,other
frangipani,"A detailed botanical image of a frangipani flower, focused on the petals and textures",5,other
frangipani,A vibrant close-up of a frangipani flower covered in morning dew,0,other
frangipani,A vibrant close-up of a frangipani flower covered in morning dew,1,other
frangipani,A vibrant close-up of a frangipani flower covered in morning dew,4,other
frangipani,A vibrant close-up of a frangipani flower covered in morning dew,5,other
frangipani,A vibrant close-up of a frangipani flower covered in morning dew,6,other
frangipani,"A professional photograph of a single frangipani flower, isolated",0,other
frangipani,"A professional photograph of a single frangipani flower, isolated",1,other
frangipani,"A professional photograph of a single frangipani flower, isolated",2,other
frangipani,"A professional photograph of a single frangipani flower, isolated",3,other
frangipani,"A professional photograph of a single frangipani flower, isolated",4,other
frangipani,An artistic close-up photo of a frangipani flower with natural lighting and shallow depth of field,0,other
frangipani,An artistic close-up photo of a frangipani flower with natural lighting and shallow depth of field,1,other
frangipani,An artistic close-up photo of a frangipani flower with natural lighting and shallow depth of field,4,other
frangipani,An artistic close-up photo of a frangipani flower with natural lighting and shallow depth of field,5,other
frangipani,An artistic close-up photo of a frangipani flower with natural lighting and shallow depth of field,6,other
clematis,A high-quality macro photograph of a clematis flower in full bloom,1,other
clematis,A high-quality macro photograph of a clematis flower in full bloom,2,other
clematis,A high-quality macro photograph of a clematis flower in full bloom,3,other
clematis,A high-quality macro photograph of a clematis flower in full bloom,4,other
clematis,A high-quality macro photograph of a clematis flower in full bloom,5,other
clematis,"A detailed botanical image of a clematis flower, focused on the petals and textures",0,other
clematis,"A detailed botanical image of a clematis flower, focused on the petals and textures",1,other
clematis,"A detailed botanical image of a clematis flower, focused on the petals and textures",2,other
clematis,"A detailed botanical image of a clematis flower, focused on the petals and textures",3,other
clematis,"A detailed botanical image of a clematis flower, focused on the petals and textures",4,other
clematis,A vibrant close-up of a clematis flower covered in morning dew,1,other
clematis,A vibrant close-up of a clematis flower covered in morning dew,2,other
clematis,A vibrant close-up of a clematis flower covered in morning dew,3,other
clematis,A vibrant close-up of a clematis flower covered in morning dew,4,other
clematis,A vibrant close-up of a clematis flower covered in morning dew,5,other
clematis,"A professional photograph of a single clematis flower, isolated",1,other
clematis,"A professional photograph of a single clematis flower, isolated",2,other
clematis,"A professional photograph of a single clematis flower, isolated",3,other
clematis,"A professional photograph of a single clematis flower, isolated",4,other
clematis,"A professional photograph of a single clematis flower, isolated",5,other
clematis,An artistic close-up photo of a clematis flower with natural lighting and shallow depth of field,1,other
clematis,An artistic close-up photo of a clematis flower with natural lighting and shallow depth of field,2,other
clematis,An artistic close-up photo of a clematis flower with natural lighting and shallow depth of field,3,other
clematis,An artistic close-up photo of a clematis flower with natural lighting and shallow depth of field,4,other
clematis,An artistic close-up photo of a clematis flower with natural lighting and shallow depth of field,5,other
hibiscus,A high-quality macro photograph of a hibiscus flower in full bloom,1,other
hibiscus,A high-quality macro photograph of a hibiscus flower in full bloom,2,other
hibiscus,A high-quality macro photograph of a hibiscus flower in full bloom,4,other
hibiscus,A high-quality macro photograph of a hibiscus flower in full bloom,6,other
hibiscus,A high-quality macro photograph of a hibiscus flower in full bloom,9,other
hibiscus,"A detailed botanical image of a hibiscus flower, focused on the petals and textures",2,other
hibiscus,"A detailed botanical image of a hibiscus flower, focused on the petals and textures",3,other
hibiscus,"A detailed botanical image of a hibiscus flower, focused on the petals and textures",5,other
hibiscus,"A detailed botanical image of a hibiscus flower, focused on the petals and textures",7,other
hibiscus,"A detailed botanical image of a hibiscus flower, focused on the petals and textures",10,other
hibiscus,A vibrant close-up of a hibiscus flower covered in morning dew,3,other
hibiscus,A vibrant close-up of a hibiscus flower covered in morning dew,4,other
hibiscus,A vibrant close-up of a hibiscus flower covered in morning dew,5,other
hibiscus,A vibrant close-up of a hibiscus flower covered in morning dew,8,other
hibiscus,A vibrant close-up of a hibiscus flower covered in morning dew,9,other
hibiscus,"A professional photograph of a single hibiscus flower, isolated",0,other
hibiscus,"A professional photograph of a single hibiscus flower, isolated",1,other
hibiscus,"A professional photograph of a single hibiscus flower, isolated",4,other
hibiscus,"A professional photograph of a single hibiscus flower, isolated",5,other
hibiscus,"A professional photograph of a single hibiscus flower, isolated",7,other
hibiscus,An artistic close-up photo of a hibiscus flower with natural lighting and shallow depth of field,3,other
hibiscus,An artistic close-up photo of a hibiscus flower with natural lighting and shallow depth of field,4,other
hibiscus,An artistic close-up photo of a hibiscus flower with natural lighting and shallow depth of field,6,other
hibiscus,An artistic close-up photo of a hibiscus flower with natural lighting and shallow depth of field,9,other
hibiscus,An artistic close-up photo of a hibiscus flower with natural lighting and shallow depth of field,16,other
bougainvillea,A high-quality macro photograph of a bougainvillea flower in full bloom,3,other
bougainvillea,A high-quality macro photograph of a bougainvillea flower in full bloom,5,other
bougainvillea,A high-quality macro photograph of a bougainvillea flower in full bloom,6,other
bougainvillea,A high-quality macro photograph of a bougainvillea flower in full bloom,7,other
bougainvillea,A high-quality macro photograph of a bougainvillea flower in full bloom,10,other
bougainvillea,"A detailed botanical image of a bougainvillea flower, focused on the petals and textures",0,other
bougainvillea,"A detailed botanical image of a bougainvillea flower, focused on the petals and textures",6,other
bougainvillea,"A detailed botanical image of a bougainvillea flower, focused on the petals and textures",11,other
bougainvillea,"A detailed botanical image of a bougainvillea flower, focused on the petals and textures",13,other
bougainvillea,"A detailed botanical image of a bougainvillea flower, focused on the petals and textures",16,other
bougainvillea,A vibrant close-up of a bougainvillea flower covered in morning dew,2,other
bougainvillea,A vibrant close-up of a bougainvillea flower covered in morning dew,6,other
bougainvillea,A vibrant close-up of a bougainvillea flower covered in morning dew,8,other
bougainvillea,A vibrant close-up of a bougainvillea flower covered in morning dew,9,other
bougainvillea,A vibrant close-up of a bougainvillea flower covered in morning dew,11,other
bougainvillea,"A professional photograph of a single bougainvillea flower, isolated",0,other
bougainvillea,"A professional photograph of a single bougainvillea flower, isolated",1,other
bougainvillea,"A professional photograph of a single bougainvillea flower, isolated",2,other
bougainvillea,"A professional photograph of a single bougainvillea flower, isolated",3,other
bougainvillea,"A professional photograph of a single bougainvillea flower, isolated",5,other
bougainvillea,An artistic close-up photo of a bougainvillea flower with natural lighting and shallow depth of field,0,other
bougainvillea,An artistic close-up photo of a bougainvillea flower with natural lighting and shallow depth of field,1,other
bougainvillea,An artistic close-up photo of a bougainvillea flower with natural lighting and shallow depth of field,2,other
bougainvillea,An artistic close-up photo of a bougainvillea flower with natural lighting and shallow depth of field,3,other
bougainvillea,An artistic close-up photo of a bougainvillea flower with natural lighting and shallow depth of field,4,other
camellia,A high-quality macro photograph of a camellia flower in full bloom,0,other
camellia,A high-quality macro photograph of a camellia flower in full bloom,1,other
camellia,A high-quality macro photograph of a camellia flower in full bloom,2,other
camellia,A high-quality macro photograph of a camellia flower in full bloom,3,other
camellia,A high-quality macro photograph of a camellia flower in full bloom,4,other
camellia,"A detailed botanical image of a camellia flower, focused on the petals and textures",0,other
camellia,"A detailed botanical image of a camellia flower, focused on the petals and textures",1,other
camellia,"A detailed botanical image of a camellia flower, focused on the petals and textures",2,other
camellia,"A detailed botanical image of a camellia flower, focused on the petals and textures",3,other
camellia,"A detailed botanical image of a camellia flower, focused on the petals and textures",4,other
camellia,A vibrant close-up of a camellia flower covered in morning dew,0,other
camellia,A vibrant close-up of a camellia flower covered in morning dew,3,other
camellia,A vibrant close-up of a camellia flower covered in morning dew,4,other
camellia,A vibrant close-up of a camellia flower covered in morning dew,8,other
camellia,A vibrant close-up of a camellia flower covered in morning dew,14,other
camellia,"A professional photograph of a single camellia flower, isolated",4,other
camellia,"A professional photograph of a single camellia flower, isolated",5,other
camellia,"A professional photograph of a single camellia flower, isolated",7,other
camellia,"A professional photograph of a single camellia flower, isolated",8,other
camellia,"A professional photograph of a single camellia flower, isolated",10,other
camellia,An artistic close-up photo of a camellia flower with natural lighting and shallow depth of field,0,other
camellia,An artistic close-up photo of a camellia flower with natural lighting and shallow depth of field,1,other
camellia,An artistic close-up photo of a camellia flower with natural lighting and shallow depth of field,2,other
camellia,An artistic close-up photo of a camellia flower with natural lighting and shallow depth of field,3,other
camellia,An artistic close-up photo of a camellia flower with natural lighting and shallow depth of field,4,other
